,Product Name,URL,Campaign Start,Campaign End,Attribution Revenue,Attribution Orders,Attribution Avg Price,Attribution COGS,Attribution Gross Profit,Attribution Net Profit,Attribution ROI (%),Attribution ROAS,Extended Revenue,Extended Orders,Total Revenue,Total Orders,Total Avg Price,Total COGS,Total Gross Profit,Total Net Profit,Total ROI (%),Total ROAS,Ad Spend,Impressions,Clicks,CTR (%),Conversion Rate (%),Attribution Window Revenue (%),Extended Window Revenue (%),CPA,Profit Margin (%),Total Profit Margin (%)
1 JANUARY - Warm Knitted Sweater - 1.54 - SINGLE PRODUCT,Warm Knitted Sweater,https://dd3662-08.myshopify.com/products/799690284593053696,2025-01-01 00:00:00+00:00,2025-01-08 00:00:00+00:00,0.0,0,0.0,0.0,0.0,-51.42,-100.0,0.0,0.0,0,0.0,0,0.0,0.0,0.0,-51.42,-100.0,0.0,51.42,3030,215,7.095709570957095,0.0,0.0,0.0,,,
1 JANUARY - Cashmere and Wool Patchwork Print Sweater - 1.49 - SINGLE PRODUCT,Cashmere and Wool Patchwork Print Sweater,https://dd3662-08.myshopify.com/products/799690292369293312,2025-01-01 00:00:00+00:00,2025-01-08 00:00:00+00:00,0.0,0,0.0,0.0,0.0,-51.49,-100.0,0.0,0.0,0,0.0,0,0.0,0.0,0.0,-51.49,-100.0,0.0,51.49,3923,83,2.1157277593678305,0.0,0.0,0.0,,,
1 JANUARY - Cozy Graphic Sweater - 1.59 - SINGLE PRODUCT,Cozy Graphic Sweater,https://dd3662-08.myshopify.com/products/799690288124657664,2025-01-01 00:00:00+00:00,2025-01-08 00:00:00+00:00,0.0,0,0.0,0.0,0.0,-52.28,-100.0,0.0,0.0,0,0.0,0,0.0,0.0,0.0,-52.28,-100.0,0.0,52.28,5763,112,1.9434322401526982,0.0,0.0,0.0,,,
1 JANUARY - Soft Fur-lined Slippers - 1.55 - SINGLE PRODUCT,Soft Fur-lined Slippers,https://dd3662-08.myshopify.com/products/soft-fur-lined-slippersneed-to-delete,2025-01-01 00:00:00+00:00,2025-01-08 00:00:00+00:00,0.0,0,0.0,0.0,0.0,-53.14,-100.0,0.0,0.0,0,0.0,0,0.0,0.0,0.0,-53.14,-100.0,0.0,53.14,4648,157,3.377796901893287,0.0,0.0,0.0,,,
2 JANUARY - Women's Leather Ankle Boots - 1.56 - SINGLE PRODUCT,Women's Leather Ankle Boots [No Sales Found],,2025-01-02 00:00:00+00:00,2025-01-09 00:00:00+00:00,0.0,0,0.0,0.0,0.0,-39.61,-100.0,0.0,0.0,0,0.0,0,0.0,0.0,0.0,-39.61,-100.0,0.0,39.61,2070,99,4.782608695652174,0.0,0.0,0.0,,,
"2 JANUARY - Comfortable, Waterproof Cargo Pants - 1.56 - SINGLE PRODUCT","Comfortable, Waterproof Cargo Pants [No Sales Found]",,2025-01-02 00:00:00+00:00,2025-01-09 00:00:00+00:00,0.0,0,0.0,0.0,0.0,-39.71,-100.0,0.0,0.0,0,0.0,0,0.0,0.0,0.0,-39.71,-100.0,0.0,39.71,1626,47,2.890528905289053,0.0,0.0,0.0,,,
2 JANUARY - Elegant Classic Wool Winter coat - 1.58 - SINGLE PRODUCT,Elegant Classic Wool Winter Coat,https://dd3662-08.myshopify.com/products/800080625129226240,2025-01-02 00:00:00+00:00,2025-01-09 00:00:00+00:00,0.0,0,0.0,0.0,0.0,-49.57,-100.0,0.0,0.0,0,0.0,0,0.0,0.0,0.0,-49.57,-100.0,0.0,49.57,3942,77,1.9533231861998983,0.0,0.0,0.0,,,
2 JANUARY - Cherry Print Oversized Jacket - 1.53 - SINGLE PRODUCT,Cherry Print Oversized Jacket [No Sales Found],,2025-01-02 00:00:00+00:00,2025-01-09 00:00:00+00:00,0.0,0,0.0,0.0,0.0,-50.71,-100.0,0.0,0.0,0,0.0,0,0.0,0.0,0.0,-50.71,-100.0,0.0,50.71,3295,84,2.549317147192716,0.0,0.0,0.0,,,
2 JANUARY - High Waisted Sculpting Cargo Pants - 1.60 - SINGLE PRODUCT,High Waisted Sculpting Cargo Pants [No Sales Found],,2025-01-02 00:00:00+00:00,2025-01-09 00:00:00+00:00,0.0,0,0.0,0.0,0.0,-30.74,-100.0,0.0,0.0,0,0.0,0,0.0,0.0,0.0,-30.74,-100.0,0.0,30.74,1739,53,3.0477285796434734,0.0,0.0,0.0,,,
3 JANUARY - Warm Winter Wool Sweater - 1.37 - SINGLE PRODUCT,Warm Winter Wool Sweater,https://dd3662-08.myshopify.com/products/801107170488745984,2025-01-03 00:00:00+00:00,2025-01-10 00:00:00+00:00,0.0,0,0.0,0.0,0.0,-40.59,-100.0,0.0,0.0,0,0.0,0,0.0,0.0,0.0,-40.59,-100.0,0.0,40.59,2495,88,3.527054108216433,0.0,0.0,0.0,,,
3 JANUARY - Elegant Cozy Cardigan - 1.45 - SINGLE PRODUCT,Elegant Cozy Cardigan,https://dd3662-08.myshopify.com/products/811654167083876352,2025-01-03 00:00:00+00:00,2025-01-10 00:00:00+00:00,0.0,0,0.0,0.0,0.0,-46.81,-100.0,0.0,0.0,0,0.0,0,0.0,0.0,0.0,-46.81,-100.0,0.0,46.81,3306,189,5.716878402903811,0.0,0.0,0.0,,,
3 JANUARY - Pullover Hooded Sweater - 1.55 - SINGLE PRODUCT,Pullover Hooded Sweater,https://dd3662-08.myshopify.com/products/801107176633401344,2025-01-03 00:00:00+00:00,2025-01-10 00:00:00+00:00,0.0,0,0.0,0.0,0.0,-39.81,-100.0,0.0,0.0,0,0.0,0,0.0,0.0,0.0,-39.81,-100.0,0.0,39.81,3477,65,1.8694276675294794,0.0,0.0,0.0,,,
3 JANUARY - Luxurious Glitter Knit Zip-up Sweater - 1.59 - SINGLE PRODUCT,Luxurious Glitter Knit Zip-up Sweater [No Sales Found],,2025-01-03 00:00:00+00:00,2025-01-10 00:00:00+00:00,0.0,0,0.0,0.0,0.0,-42.73,-100.0,0.0,0.0,0,0.0,0,0.0,0.0,0.0,-42.73,-100.0,0.0,42.73,1576,162,10.279187817258883,0.0,0.0,0.0,,,
3 JANUARY - Classic Fur-lined Leather Jacket - 1.57 - SINGLE PRODUCT,Classic Fur-lined Leather Jacket,https://dd3662-08.myshopify.com/products/801107163022884864,2025-01-03 00:00:00+00:00,2025-01-10 00:00:00+00:00,0.0,0,0.0,0.0,0.0,-42.25,-100.0,0.0,0.0,0,0.0,0,0.0,0.0,0.0,-42.25,-100.0,0.0,42.25,3498,74,2.115494568324757,0.0,0.0,0.0,,,
4 JANUARY -  Elegant Pleated Dress - 1.58 - SINGLE PRODUCT,Comfortable Elegant Pleated Dress,https://dd3662-08.myshopify.com/products/819597925712658432,2025-01-04 00:00:00+00:00,2025-01-11 00:00:00+00:00,0.0,0,0.0,0.0,0.0,-26.07,-100.0,0.0,0.0,0,0.0,0,0.0,0.0,0.0,-26.07,-100.0,0.0,26.07,1401,54,3.854389721627409,0.0,0.0,0.0,,,
4 JANUARY - Balaclava Hooded Jacket - 1.68 - SINGLE PRODUCT,Balaclava Hooded Jacket [No Sales Found],,2025-01-04 00:00:00+00:00,2025-01-11 00:00:00+00:00,0.0,0,0.0,0.0,0.0,-26.19,-100.0,0.0,0.0,0,0.0,0,0.0,0.0,0.0,-26.19,-100.0,0.0,26.19,3039,56,1.8427114182296807,0.0,0.0,0.0,,,
4 JANUARY - Stylish Quilted Winter Jacket  - 1.57- SINGLE PRODUCT,Stylish Quilted Winter Jacket [No Sales Found],,2025-01-04 00:00:00+00:00,2025-01-11 00:00:00+00:00,0.0,0,0.0,0.0,0.0,-38.47,-100.0,0.0,0.0,0,0.0,0,0.0,0.0,0.0,-38.47,-100.0,0.0,38.47,1252,90,7.188498402555911,0.0,0.0,0.0,,,
4 JANUARY - Stylish Winter Boots  - 1.58 - SINGLE PRODUCT,Stylish Winter Boots,https://dd3662-08.myshopify.com/products/818915579950792704,2025-01-04 00:00:00+00:00,2025-01-11 00:00:00+00:00,0.0,0,0.0,0.0,0.0,-26.64,-100.0,0.0,0.0,0,0.0,0,0.0,0.0,0.0,-26.64,-100.0,0.0,26.64,1722,67,3.8908246225319396,0.0,0.0,0.0,,,
4 JANUARY - Sporty Hooded Winter Jacket  - 1.48 - SINGLE PRODUCT,Sporty Hooded Winter Jacket [No Sales Found],,2025-01-04 00:00:00+00:00,2025-01-11 00:00:00+00:00,0.0,0,0.0,0.0,0.0,-25.4,-100.0,0.0,0.0,0,0.0,0,0.0,0.0,0.0,-25.4,-100.0,0.0,25.4,2397,19,0.7926574885273258,0.0,0.0,0.0,,,
5 JANUARY - Glittery Long-Sleeved Fringe Dress - 1.53 - SINGLE PRODUCT,Glittery Long-Sleeved Fringe Dress [No Sales Found],,2025-01-05 00:00:00+00:00,2025-01-12 00:00:00+00:00,0.0,0,0.0,0.0,0.0,-30.45,-100.0,0.0,0.0,0,0.0,0,0.0,0.0,0.0,-30.45,-100.0,0.0,30.45,2294,47,2.048823016564952,0.0,0.0,0.0,,,
5 JANUARY - Warm Down Jacket - 1.57 - SINGLE PRODUCT,Warm Down Jacket [No Sales Found],,2025-01-05 00:00:00+00:00,2025-01-12 00:00:00+00:00,0.0,0,0.0,0.0,0.0,-51.55,-100.0,0.0,0.0,0,0.0,0,0.0,0.0,0.0,-51.55,-100.0,0.0,51.55,2939,124,4.21912215039129,0.0,0.0,0.0,,,
5 JANUARY - Stand Collar Quilted Winter Jacket - 1.57 - SINGLE PRODUCT,Stand Collar Quilted Winter Jacket,https://dd3662-08.myshopify.com/products/801492869842993152,2025-01-05 00:00:00+00:00,2025-01-12 00:00:00+00:00,0.0,0,0.0,0.0,0.0,-28.97,-100.0,0.0,0.0,0,0.0,0,0.0,0.0,0.0,-28.97,-100.0,0.0,28.97,2365,56,2.367864693446089,0.0,0.0,0.0,,,
6 JANUARY - Soft Cashmere Zip-up Jacket - 1.57 - SINGLE PRODUCT,Soft Cashmere Zip-up Jacket,https://dd3662-08.myshopify.com/products/801492858103136256,2025-01-06 00:00:00+00:00,2025-01-13 00:00:00+00:00,0.0,0,0.0,0.0,0.0,-41.09,-100.0,0.0,0.0,0,0.0,0,0.0,0.0,0.0,-41.09,-100.0,0.0,41.09,2310,108,4.675324675324675,0.0,0.0,0.0,,,
6 JANUARY - Stretchy High-waisted Wide Leg Pants - 1.54 - SINGLE PRODUCT,Stretchy High-waisted Wide Leg Pants [No Sales Found],,2025-01-06 00:00:00+00:00,2025-01-13 00:00:00+00:00,0.0,0,0.0,0.0,0.0,-40.55,-100.0,0.0,0.0,0,0.0,0,0.0,0.0,0.0,-40.55,-100.0,0.0,40.55,1964,78,3.971486761710794,0.0,0.0,0.0,,,
6 JANUARY - Elegant Classic Plaid Print Dress - 1.50 - SINGLE PRODUCT,Elegant Classic Plaid Print Dress [No Sales Found],,2025-01-06 00:00:00+00:00,2025-01-13 00:00:00+00:00,0.0,0,0.0,0.0,0.0,-37.42,-100.0,0.0,0.0,0,0.0,0,0.0,0.0,0.0,-37.42,-100.0,0.0,37.42,2424,60,2.4752475247524752,0.0,0.0,0.0,,,
7 JANUARY - C05 ADS collection (Jan 4) - COLLECTION,Collection C05 - Not Found in Shopify,,2025-01-07 00:00:00+00:00,2025-01-14 00:00:00+00:00,0.0,0,0.0,0.0,0.0,-54.23,-100.0,0.0,0.0,0,0.0,0,0.0,0.0,0.0,-54.23,-100.0,0.0,54.23,2518,100,3.971405877680699,0.0,0.0,0.0,,,
8 JANUARY - C06 ADS collection (Jan 4) - COLLECTION,Collection C06 - Not Found in Shopify,,2025-01-08 00:00:00+00:00,2025-01-15 00:00:00+00:00,0.0,0,0.0,0.0,0.0,-59.21,-100.0,0.0,0.0,0,0.0,0,0.0,0.0,0.0,-59.21,-100.0,0.0,59.21,3909,110,2.8140189306728063,0.0,0.0,0.0,,,
"9 JANUARY - Timeless, Warm and Stylish Coat - 1.57 - SINGLE PRODUCT","Timeless, Warm and Stylish Coat",https://dd3662-08.myshopify.com/products/806207374757986304,2025-01-09 00:00:00+00:00,2025-01-16 00:00:00+00:00,0.0,0,0.0,0.0,0.0,-21.7,-100.0,0.0,0.0,0,0.0,0,0.0,0.0,0.0,-21.7,-100.0,0.0,21.7,1169,33,2.8229255774165956,0.0,0.0,0.0,,,
9 JANUARY - Warm Knitted Comfy Sweater - 1.57 - SINGLE PRODUCT,Warm Knitted Comfy Sweater,https://dd3662-08.myshopify.com/products/806207426087878656,2025-01-09 00:00:00+00:00,2025-01-16 00:00:00+00:00,0.0,0,0.0,0.0,0.0,-22.6,-100.0,0.0,0.0,0,0.0,0,0.0,0.0,0.0,-22.6,-100.0,0.0,22.6,952,19,1.9957983193277309,0.0,0.0,0.0,,,
9 JANUARY -  Dress with Long sleeve Top - 1.53 - SINGLE PRODUCT,Dress with Long Sleeve Top,https://dd3662-08.myshopify.com/products/806207436309397504,2025-01-09 00:00:00+00:00,2025-01-16 00:00:00+00:00,0.0,0,0.0,0.0,0.0,-32.1,-100.0,0.0,0.0,0,0.0,0,0.0,0.0,0.0,-32.1,-100.0,0.0,32.1,3163,37,1.1697755295605439,0.0,0.0,0.0,,,
9 JANUARY - C07 ADS Collection (Jan 07) - COLLECTION,Collection C07 - Not Found in Shopify,,2025-01-09 00:00:00+00:00,2025-01-16 00:00:00+00:00,0.0,0,0.0,0.0,0.0,-32.94,-100.0,0.0,0.0,0,0.0,0,0.0,0.0,0.0,-32.94,-100.0,0.0,32.94,997,47,4.714142427281845,0.0,0.0,0.0,,,
10 JANUARY - Elegant and Comfortable Dress - 1.54 - SINGLE PRODUCT,Elegant and Comfortable Dress,https://dd3662-08.myshopify.com/products/806626968605818880,2025-01-10 00:00:00+00:00,2025-01-17 00:00:00+00:00,0.0,0,0.0,0.0,0.0,-44.49,-100.0,0.0,0.0,0,0.0,0,0.0,0.0,0.0,-44.49,-100.0,0.0,44.49,2242,47,2.096342551293488,0.0,0.0,0.0,,,
10 JANUARY - Windproof Wool Jacket - 1.57 - SINGLE PRODUCT,Windproof Wool Jacket,https://dd3662-08.myshopify.com/products/806626977787150336,2025-01-10 00:00:00+00:00,2025-01-17 00:00:00+00:00,0.0,0,0.0,0.0,0.0,-46.62,-100.0,0.0,0.0,0,0.0,0,0.0,0.0,0.0,-46.62,-100.0,0.0,46.62,3255,101,3.1029185867895546,0.0,0.0,0.0,,,
10 JANUARY - Essential Winter Jacket - 1.59 - SINGLE PRODUCT,Essential Winter Jacket,https://dd3662-08.myshopify.com/products/805472670165499904,2025-01-10 00:00:00+00:00,2025-01-17 00:00:00+00:00,0.0,0,0.0,0.0,0.0,-23.23,-100.0,0.0,0.0,0,0.0,0,0.0,0.0,0.0,-23.23,-100.0,0.0,23.23,1465,22,1.5017064846416381,0.0,0.0,0.0,,,
10 JANUARY - Cheerful Colorful Turtleneck - 1.59 - SINGLE PRODUCT,Cheerful Colorful Turtleneck,https://dd3662-08.myshopify.com/products/806626983235551232,2025-01-10 00:00:00+00:00,2025-01-17 00:00:00+00:00,0.0,0,0.0,0.0,0.0,-22.44,-100.0,0.0,0.0,0,0.0,0,0.0,0.0,0.0,-22.44,-100.0,0.0,22.44,1150,18,1.565217391304348,0.0,0.0,0.0,,,
11 JANUARY - Lambskin Leather Jacket - 1.60 - SINGLE PRODUCT,Lambskin Leather Jacket [No Sales Found],,2025-01-11 00:00:00+00:00,2025-01-18 00:00:00+00:00,0.0,0,0.0,0.0,0.0,-25.64,-100.0,0.0,0.0,0,0.0,0,0.0,0.0,0.0,-25.64,-100.0,0.0,25.64,1510,38,2.5165562913907285,0.0,0.0,0.0,,,
11 JANUARY - Soft Winter Pullover - 1.59 - SINGLE PRODUCT,Soft Winter Pullover,https://dd3662-08.myshopify.com/products/806948588411158528,2025-01-11 00:00:00+00:00,2025-01-18 00:00:00+00:00,0.0,0,0.0,0.0,0.0,-22.6,-100.0,0.0,0.0,0,0.0,0,0.0,0.0,0.0,-22.6,-100.0,0.0,22.6,2353,24,1.019974500637484,0.0,0.0,0.0,,,
11 JANUARY - Chic Winter Jacket - 1.56 - SINGLE PRODUCT,Chic Winter Jacket,https://dd3662-08.myshopify.com/products/806948598641065984,2025-01-11 00:00:00+00:00,2025-01-18 00:00:00+00:00,0.0,0,0.0,0.0,0.0,-24.17,-100.0,0.0,0.0,0,0.0,0,0.0,0.0,0.0,-24.17,-100.0,0.0,24.17,1514,40,2.642007926023778,0.0,0.0,0.0,,,
11 JANUARY - Casual Leather Sneakers - 1.51 - SINGLE PRODUCT,Casual Leather Sneakers,https://dd3662-08.myshopify.com/products/806948590848049152,2025-01-11 00:00:00+00:00,2025-01-18 00:00:00+00:00,0.0,0,0.0,0.0,0.0,-22.1,-100.0,0.0,0.0,0,0.0,0,0.0,0.0,0.0,-22.1,-100.0,0.0,22.1,1428,10,0.700280112044818,0.0,0.0,0.0,,,
14 JANUARY - Lambskin Leather Jacket - 1.60 - SINGLE PRODUCT,Lambskin Leather Jacket [No Sales Found],,2025-01-14 00:00:00+00:00,2025-01-21 00:00:00+00:00,0.0,0,0.0,0.0,0.0,-27.85,-100.0,0.0,0.0,0,0.0,0,0.0,0.0,0.0,-27.85,-100.0,0.0,27.85,2349,45,1.9157088122605364,0.0,0.0,0.0,,,
14 JANUARY - Elegant Unisex Marten Boots - 1.58 - SINGLE PRODUCT,Elegant Unisex Marten Boots,https://dd3662-08.myshopify.com/products/806948595847659520,2025-01-14 00:00:00+00:00,2025-01-21 00:00:00+00:00,0.0,0,0.0,0.0,0.0,-25.6,-100.0,0.0,0.0,0,0.0,0,0.0,0.0,0.0,-25.6,-100.0,0.0,25.6,2755,29,1.0526315789473684,0.0,0.0,0.0,,,
14 JANUARY - C08 ADS Collection (Jan 12) - COLLECTION,Collection C08 - Not Found in Shopify,,2025-01-14 00:00:00+00:00,2025-01-21 00:00:00+00:00,0.0,0,0.0,0.0,0.0,-24.49,-100.0,0.0,0.0,0,0.0,0,0.0,0.0,0.0,-24.49,-100.0,0.0,24.49,911,32,3.512623490669594,0.0,0.0,0.0,,,
14 JANUARY - Stylish Winter Jacket - 1.59 - SINGLE PRODUCT,Stylish Winter Jacket [No Sales Found],,2025-01-14 00:00:00+00:00,2025-01-21 00:00:00+00:00,0.0,0,0.0,0.0,0.0,-48.16,-100.0,0.0,0.0,0,0.0,0,0.0,0.0,0.0,-48.16,-100.0,0.0,48.16,7329,60,0.8186655751125664,0.0,0.0,0.0,,,
19 JANUARY - Elegant Fleece-lined Coat- 1.53 - SINGLE PRODUCT,Elegant Fleece-lined Coat,https://dd3662-08.myshopify.com/products/809786494041456640,2025-01-19 00:00:00+00:00,2025-01-26 00:00:00+00:00,0.0,0,0.0,0.0,0.0,-65.79,-100.0,0.0,0.0,0,0.0,0,0.0,0.0,0.0,-65.79,-100.0,0.0,65.79,11797,313,2.653216919555819,0.0,0.0,0.0,,,
19 JANUARY - Walking Leather Shoes - 1.46 - SINGLE PRODUCT,Walking Leather Shoes,,2025-01-19 00:00:00+00:00,2025-01-26 00:00:00+00:00,64.95,1,64.95,25.980000000000004,38.97,-12.259999999999998,-23.931290259613505,1.2678118290064417,0.0,0,64.95,1,64.95,25.980000000000004,38.97,-12.259999999999998,-23.931290259613505,1.2678118290064417,51.23,6317,156,2.4695266740541397,0.641025641025641,100.0,0.0,51.23,60.0,60.0
19 JANUARY - Retro Square Heeled Pumps - 1.60 - SINGLE PRODUCT,Retro Square Heeled Pumps,,2025-01-19 00:00:00+00:00,2025-01-26 00:00:00+00:00,69.95,1,69.95,27.980000000000004,41.97,-21.92,-34.30896853967758,1.0948505243387072,0.0,0,69.95,1,69.95,27.980000000000004,41.97,-21.92,-34.30896853967758,1.0948505243387072,63.89,7950,143,1.7987421383647797,0.6993006993006993,100.0,0.0,63.89,60.0,60.0
20 JANUARY - Casual Zip-Up Sweater - 1.61 - SINGLE PRODUCT,Casual Zip-Up Sweater,https://dd3662-08.myshopify.com/products/804006443077337088,2025-01-20 00:00:00+00:00,2025-01-27 00:00:00+00:00,0.0,0,0.0,0.0,0.0,-27.22,-100.0,0.0,0.0,0,0.0,0,0.0,0.0,0.0,-27.22,-100.0,0.0,27.22,3168,78,2.462121212121212,0.0,0.0,0.0,,,
20 JANUARY - C11 ADS Collection (January 17) - COLLECTION,"['Comfortable, Knitted, Soft Turtleneck Sweater', 'Bi-color Turtleneck Knitted Sweater', 'Elegant and Comfortable Turtleneck Sweater', 'High-quality Knitted Winter Sweater', 'Premium Quality Cashmere Sweater', 'Herringbone Pattern Turtleneck Sweater', 'Classic Contrast Stitching Turtleneck', 'Fall Luxe Checkered Knit Sweater', 'Diamond Pattern Knitted High Neck Sweater', 'Classic Cashmere Turtleneck Sweater']",https://dd3662-08.myshopify.com/collections/c11,2025-01-20 00:00:00+00:00,2025-01-27 00:00:00+00:00,0.0,0,0.0,0.0,0.0,-35.68,-100.0,0.0,84.9,2,84.9,2,42.45,33.96,50.940000000000005,15.260000000000005,42.76905829596414,2.3794843049327357,35.68,1951,96,4.920553562275757,0.0,0.0,100.0,,,60.0
21 JANUARY - Women's Cashmere Trench Coat - 1.59 - SINGLE PRODUCT,Women's Cashmere Trench Coat,https://dd3662-08.myshopify.com/products/811239040081723392,2025-01-21 00:00:00+00:00,2025-01-28 00:00:00+00:00,0.0,0,0.0,0.0,0.0,-54.77,-100.0,0.0,0.0,0,0.0,0,0.0,0.0,0.0,-54.77,-100.0,0.0,54.77,4471,258,5.770521136211138,0.0,0.0,0.0,,,
21 JANUARY - High Top Leather Lace-up Sneakers - 1.76 - SINGLE PRODUCT,High Top Leather Lace-up Sneakers,https://dd3662-08.myshopify.com/products/811239050944970752,2025-01-21 00:00:00+00:00,2025-01-28 00:00:00+00:00,189.8,4,47.45,75.92,113.88000000000001,61.89000000000001,119.04212348528564,3.650702058088094,0.0,0,189.8,4,47.45,75.92,113.88000000000001,61.89000000000001,119.04212348528564,3.650702058088094,51.99,6885,184,2.672476397966594,2.1739130434782608,100.0,0.0,12.9975,60.0,60.0
21 JANUARY - Short Button-down Wool Coat - 1.61 - SINGLE PRODUCT,Short Button-down Wool Coat,https://dd3662-08.myshopify.com/products/811239043051290624,2025-01-21 00:00:00+00:00,2025-01-28 00:00:00+00:00,0.0,0,0.0,0.0,0.0,-48.84,-100.0,0.0,0.0,0,0.0,0,0.0,0.0,0.0,-48.84,-100.0,0.0,48.84,4643,179,3.8552659918156365,0.0,0.0,0.0,,,
22 JANUARY - Gentleman Button-down Cardigan - 1.68 - SINGLE PRODUCT,Gentleman Button-down Cardigan,https://dd3662-08.myshopify.com/products/811239049112059904,2025-01-22 00:00:00+00:00,2025-01-29 00:00:00+00:00,0.0,0,0.0,0.0,0.0,-21.69,-100.0,0.0,0.0,0,0.0,0,0.0,0.0,0.0,-21.69,-100.0,0.0,21.69,2646,61,2.305366591080877,0.0,0.0,0.0,,,
22 JANUARY - Woven Leather Hobo Bag - 1.74 - SINGLE PRODUCT,Woven Leather Hobo Bag,https://dd3662-08.myshopify.com/products/811239037636444160,2025-01-22 00:00:00+00:00,2025-01-29 00:00:00+00:00,149.85000000000002,3,49.95000000000001,59.94000000000001,89.91000000000001,45.610000000000014,102.95711060948085,3.3826185101580144,0.0,0,149.85000000000002,3,49.95000000000001,59.94000000000001,89.91000000000001,45.610000000000014,102.95711060948085,3.3826185101580144,44.3,4819,105,2.1788752853289064,2.857142857142857,100.0,0.0,14.766666666666666,60.0,60.0
23 JANUARY - C12 ADS Collection (January 21) - COLLECTION,"['Leopard Print Sweater', 'Retro Winter Sweater', 'Comfortable Buttoned Cardigan', 'Elegant Sweater', 'Warm Casual Sweater', 'Elegant Winter Wool Jacket', 'Comfortable Button Cardigan', 'Ribbed knit cardigan', 'Elegant Knit Blouse', 'Elegant knitted sweater', 'Soft Knit Sweater', 'Plush cardigan', 'Elegant Boat Neck Sweater', 'Elegant Knitted Vest', 'Long Knitted Cardigan', 'High-quality Knitted Winter Sweater', 'Elegant Cozy Cardigan', 'Cozy Striped Sweater', 'Cute Cardigan', 'Short Button-down Wool Coat', 'Herringbone Pattern Turtleneck Sweater', 'Elegant Button Cardigan', 'Long Sleeved Wool Coat']",https://dd3662-08.myshopify.com/collections/c12-ads-collection-january-21,2025-01-23 00:00:00+00:00,2025-01-30 00:00:00+00:00,0.0,0,0.0,0.0,0.0,-54.11,-100.0,0.0,89.9,2,89.9,2,44.95,35.96,53.940000000000005,-0.1699999999999946,-0.3141748290519213,1.6614304195158012,54.11,3528,130,3.6848072562358274,0.0,0.0,100.0,,,60.0
23 JANUARY - Comfortable Leather Jacket - 1.55 - SINGLE PRODUCT,Comfortable Leather Jacket,https://dd3662-08.myshopify.com/products/774349603645423616,2025-01-23 00:00:00+00:00,2025-01-30 00:00:00+00:00,59.95,1,59.95,23.980000000000004,35.97,-8.719999999999999,-19.51219512195122,1.3414634146341464,0.0,0,59.95,1,59.95,23.980000000000004,35.97,-8.719999999999999,-19.51219512195122,1.3414634146341464,44.69,6714,154,2.2937146261543044,0.6493506493506493,100.0,0.0,44.69,60.0,60.0
23 JANUARY - The Classic Overshirt - 1.59 - SINGLE PRODUCT,The Classic Overshirt,https://dd3662-08.myshopify.com/products/811997668095033344,2025-01-23 00:00:00+00:00,2025-01-30 00:00:00+00:00,0.0,0,0.0,0.0,0.0,-22.94,-100.0,0.0,0.0,0,0.0,0,0.0,0.0,0.0,-22.94,-100.0,0.0,22.94,1813,30,1.654715940430226,0.0,0.0,0.0,,,
23 JANUARY - Double-breasted Wool Trench Coat - 1.57 - SINGLE PRODUCT,Double-breasted Wool Trench Coat,https://dd3662-08.myshopify.com/products/811997679608397824,2025-01-23 00:00:00+00:00,2025-01-30 00:00:00+00:00,169.85000000000002,3,56.616666666666674,67.94000000000001,101.91000000000001,58.87000000000001,136.77973977695171,3.9463289962825283,0.0,0,169.85000000000002,3,56.616666666666674,67.94000000000001,101.91000000000001,58.87000000000001,136.77973977695171,3.9463289962825283,43.04,4470,204,4.563758389261745,1.4705882352941175,100.0,0.0,14.346666666666666,60.0,60.0
24 JANUARY - Warm Casual Corduroy Pants - 1.60 - SINGLE PRODUCT,Warm Casual Corduroy Pants [No Sales Found],,2025-01-24 00:00:00+00:00,2025-01-31 00:00:00+00:00,0.0,0,0.0,0.0,0.0,-21.49,-100.0,0.0,0.0,0,0.0,0,0.0,0.0,0.0,-21.49,-100.0,0.0,21.49,1277,20,1.5661707126076743,0.0,0.0,0.0,,,
24 JANUARY - Self-Tie Bow Cardigan - 1.54 - SINGLE PRODUCT,Self-Tie Bow Cardigan,https://dd3662-08.myshopify.com/products/811997670653558784,2025-01-24 00:00:00+00:00,2025-01-31 00:00:00+00:00,0.0,0,0.0,0.0,0.0,-39.82,-100.0,0.0,0.0,0,0.0,0,0.0,0.0,0.0,-39.82,-100.0,0.0,39.82,3055,53,1.734860883797054,0.0,0.0,0.0,,,
4 FEBRUARY- C15 ADS Collection (February 01) - COLLECTION,"['Winter Coat with Luxury Fleece Lining', 'Elegant Puffer Jacket', 'Premium Down Jacket', 'Elegant Lapel Coat', 'Winter Trench Coat', 'Warm Winter Coat', 'Elegant Trench Coat', 'Long Down Jacket', 'Elegant Mid-length Coat', 'Comfortable Circle Pattern Winter Jacket', 'Luxury Warm Fur-Lined Winter Coat', 'Elegant Felt Jacket', 'Elegant Wool Trench Coat', 'Warm Winter Jacket', 'Lined Winter Jacket', 'Elegant Long Coat', 'Elegant Warm Long Coat', 'Casual Leaves Print Lined Hooded Zip Jacket', 'Cozy Shawl Collar Jacket', 'Stylish Quilted Jacket', 'Comfy Faux Fur Lined Jacket', 'Warm Winter Coat', 'Lightweight Quilted Jacket', 'Elegant Fall Coat', 'Elegant Winter Coat with Fur', 'Winter Trench Coat', 'Padded Jacket']",https://dd3662-08.myshopify.com/collections/c15-ads-collection-february-01,2025-02-04 00:00:00+00:00,2025-02-11 00:00:00+00:00,89.95,1,89.95,35.980000000000004,53.97,-45.89,-45.9543360704987,0.9007610654916884,0.0,0,89.95,1,89.95,35.980000000000004,53.97,-45.89,-45.9543360704987,0.9007610654916884,99.86,6165,397,6.439578264395783,0.2518891687657431,100.0,0.0,99.86,60.0,60.0
4 FEBRUARY- C16 ADS Collection (February 01) - COLLECTION,"['Ribbed Velvet Sweater with Collar', ""Men's Cashmere Sweater"", 'Warm Knitted Sweater', 'Cashmere and Wool Patchwork Print Sweater', 'Quarter-Zip Neck Sweater', 'Warm Winter Wool Sweater', 'Elegant Full Zip Cardigan', 'Zip-Up Tribal Pattern Neck Sweater', ""Premium Men's Turtleneck Sweater"", 'Pullover Hooded Sweater', 'Elegant and Comfortable Turtleneck Sweater', 'Luxury Knit Sweater', 'Men Casual Slim Fit Turtleneck Sweater', ""Men's Sports Hooded Jacket"", 'Knitted High Neck Zip Sweater', 'Long-Sleeve Polo Shirt', 'Quarter-Zip Fleece Sweater', 'Trendy and Stylish Hoodie', 'Timeless Sweater', 'Zipped Pattern Sweater', 'Retro Striped Sweater', 'Knitted Vest']",https://dd3662-08.myshopify.com/collections/c16-ads-collection-february-01,2025-02-04 00:00:00+00:00,2025-02-11 00:00:00+00:00,0.0,0,0.0,0.0,0.0,-53.76,-100.0,0.0,94.9,2,94.9,2,47.45,37.96,56.940000000000005,3.180000000000007,5.9151785714285845,1.7652529761904763,53.76,4833,90,1.86219739292365,0.0,0.0,100.0,,,60.0
5 FEBRUARY- C17 ADS Collection (February 01) - COLLECTION,"['Retro Winter Sweater', 'Ethnic Retro Hooded Sweater', 'Striped Knit Cardigan', 'Cheerful Colorful Turtleneck', 'Vintage Jacquard Crewneck Winter Sweater', 'Retro Print Winter Sweater', 'Soft Winter Pullover', 'Multicolor Retro Winter Sweater', 'Vintage Icelandic Teal Jacquard Sweater', 'Comfortable Warm Sweater', 'Vintage Turtleneck Jacquard Sweater']",https://dd3662-08.myshopify.com/collections/c17-ads-collection-february-01,2025-02-05 00:00:00+00:00,2025-02-12 00:00:00+00:00,44.95,1,44.95,17.98,26.970000000000002,-60.94,-69.32089637128882,0.5113183938118531,89.9,2,134.85000000000002,3,44.95000000000001,53.94000000000001,80.91000000000001,-6.999999999999986,-7.962689113866439,1.5339551814355594,87.91,8628,283,3.2800185442744554,0.35335689045936397,33.33333333333333,66.66666666666666,87.91,60.0,60.0
7 FEBRUARY- C11 ADS Collection (February 7) - COLLECTION,"['Comfortable, Knitted, Soft Turtleneck Sweater', 'Bi-color Turtleneck Knitted Sweater', 'Elegant and Comfortable Turtleneck Sweater', 'High-quality Knitted Winter Sweater', 'Premium Quality Cashmere Sweater', 'Herringbone Pattern Turtleneck Sweater', 'Classic Contrast Stitching Turtleneck', 'Fall Luxe Checkered Knit Sweater', 'Diamond Pattern Knitted High Neck Sweater', 'Classic Cashmere Turtleneck Sweater']",https://dd3662-08.myshopify.com/collections/c11,2025-02-07 00:00:00+00:00,2025-02-14 00:00:00+00:00,84.9,2,42.45,33.96,50.940000000000005,5.260000000000005,11.51488616462348,1.8585814360770578,0.0,0,84.9,2,42.45,33.96,50.940000000000005,5.260000000000005,11.51488616462348,1.8585814360770578,45.68,3105,122,3.92914653784219,1.639344262295082,100.0,0.0,22.84,60.0,60.0
"7 FEBRUARY - Comfortable, Knitted, Soft Turtleneck Sweater - 1.58 - SINGLE PRODUCT","Comfortable, Knitted, Soft Turtleneck Sweater",https://dd3662-08.myshopify.com/products/768539614947311616,2025-02-07 00:00:00+00:00,2025-02-14 00:00:00+00:00,44.95,1,44.95,17.98,26.970000000000002,-44.44,-62.23218036689539,0.6294636605517435,0.0,0,44.95,1,44.95,17.98,26.970000000000002,-44.44,-62.23218036689539,0.6294636605517435,71.41,5414,198,3.6571850757295903,0.5050505050505051,100.0,0.0,71.41,60.0,60.0
7 FEBRUARY - Retro Square Heeled Pumps - 1.48 - SINGLE PRODUCT,Retro Square Heeled Pumps,,2025-02-07 00:00:00+00:00,2025-02-14 00:00:00+00:00,0.0,0,0.0,0.0,0.0,-38.96,-100.0,0.0,0.0,0,0.0,0,0.0,0.0,0.0,-38.96,-100.0,0.0,38.96,4893,75,1.5328019619865114,0.0,0.0,0.0,,,
7 FEBRUARY - Cheerful Colorful Turtleneck - 1.45 - SINGLE PRODUCT,Cheerful Colorful Turtleneck,https://dd3662-08.myshopify.com/products/806626983235551232,2025-02-07 00:00:00+00:00,2025-02-14 00:00:00+00:00,0.0,0,0.0,0.0,0.0,-39.99,-100.0,0.0,0.0,0,0.0,0,0.0,0.0,0.0,-39.99,-100.0,0.0,39.99,5776,149,2.579639889196676,0.0,0.0,0.0,,,
7 FEBRUARY - Distressed Leather Hobo Bag - 1.52 - SINGLE PRODUCT,Distressed Leather Hobo Bag,https://dd3662-08.myshopify.com/products/817343112861974528,2025-02-07 00:00:00+00:00,2025-02-14 00:00:00+00:00,0.0,0,0.0,0.0,0.0,-41.19,-100.0,0.0,0.0,0,0.0,0,0.0,0.0,0.0,-41.19,-100.0,0.0,41.19,5172,123,2.3781902552204177,0.0,0.0,0.0,,,
8 FEBRUARY - Distressed Leather Hobo Bag - 1.52 - SINGLE PRODUCT - RELAUNCHED,Distressed Leather Hobo Bag,https://dd3662-08.myshopify.com/products/817343112861974528,2025-02-08 00:00:00+00:00,2025-02-15 00:00:00+00:00,0.0,0,0.0,0.0,0.0,-25.59,-100.0,0.0,0.0,0,0.0,0,0.0,0.0,0.0,-25.59,-100.0,0.0,25.59,3734,54,1.44617032672737,0.0,0.0,0.0,,,
8 FEBRUARY - Breathable Sport Shoes- 1.55 - SINGLE PRODUCT - RELAUNCHED,Breathable Sport Shoes,https://dd3662-08.myshopify.com/products/817347362673393664,2025-02-08 00:00:00+00:00,2025-02-15 00:00:00+00:00,0.0,0,0.0,0.0,0.0,-24.1,-100.0,0.0,44.95,1,44.95,1,44.95,17.98,26.970000000000002,2.870000000000001,11.908713692946062,1.8651452282157677,24.1,2248,45,2.0017793594306053,0.0,0.0,100.0,,,60.0
10  FEBRUARY - Leopard Pattern Fur Jacket - 1.55- SINGLE PRODUCT,Leopard Pattern Fur Jacket [No Sales Found],,2025-02-10 00:00:00+00:00,2025-02-17 00:00:00+00:00,0.0,0,0.0,0.0,0.0,0.0,,,0.0,0,0.0,0,0.0,0.0,0.0,0.0,,,0.0,2,0,0.0,0.0,0.0,0.0,,,
10  FEBRUARY - Loose Casual Lounge Set - 1.57- SINGLE PRODUCT,Loose Casual Lounge Set [No Sales Found],,2025-02-10 00:00:00+00:00,2025-02-17 00:00:00+00:00,0.0,0,0.0,0.0,0.0,-0.24,-100.0,0.0,0.0,0,0.0,0,0.0,0.0,0.0,-0.24,-100.0,0.0,0.24,42,0,0.0,0.0,0.0,0.0,,,
10  FEBRUARY - Vintage Floral Print Denim Flared Pants - 1.46- SINGLE PRODUCT - Copy,Vintage Floral Print Denim Flared Pants,https://dd3662-08.myshopify.com/products/817819996959801344,2025-02-10 00:00:00+00:00,2025-02-17 00:00:00+00:00,0.0,0,0.0,0.0,0.0,-0.05,-100.0,0.0,0.0,0,0.0,0,0.0,0.0,0.0,-0.05,-100.0,0.0,0.05,10,0,0.0,0.0,0.0,0.0,,,
10  FEBRUARY - Modern and Ergonomic Casual Sneakers - 1.53- SINGLE PRODUCT,Modern and Ergonomic Casual Sneakers,https://dd3662-08.myshopify.com/products/817820087967809536,2025-02-10 00:00:00+00:00,2025-02-17 00:00:00+00:00,0.0,0,0.0,0.0,0.0,-30.1,-100.0,0.0,0.0,0,0.0,0,0.0,0.0,0.0,-30.1,-100.0,0.0,30.1,3257,101,3.101013202333436,0.0,0.0,0.0,,,
11  FEBRUARY - Comfortable and Stylish Button-down Sweater - 1.53- SINGLE PRODUCT,Comfortable and Stylish Button-down Sweater,https://dd3662-08.myshopify.com/products/817820065394065408,2025-02-11 00:00:00+00:00,2025-02-18 00:00:00+00:00,0.0,0,0.0,0.0,0.0,-49.17,-100.0,0.0,0.0,0,0.0,0,0.0,0.0,0.0,-49.17,-100.0,0.0,49.17,4998,104,2.080832332933173,0.0,0.0,0.0,,,
11 FEBRUARY- C19 ADS (Feb 07)- COLLECTION,"['Bomber Jacket', 'Winter Zip-up Parka Jacket', ""Men's Winter Coat with Hood and Fleece"", 'Stylish Hooded Windbreaker Jacket', 'Flannel Jacket', 'Winter Tactical Jacket', 'Men Casual Slim Fit Turtleneck Sweater', 'Zip-Up Tribal Pattern Neck Sweater', 'Bonanza Leather Jacket', 'Vintage Coat', 'Winter Turtleneck Sweater', 'Stand Collar Quilted Winter Jacket', ""Classic Men's Trench Coat"", 'Zip Up Cable Sweater', 'Elegant Winter Jacket', 'Shiny Winter Down Jacket', 'Slim Fit Long-Sleeve Sweater', 'Classic Fur-lined Leather Jacket', 'Gentleman Button-down Cardigan', 'Soft Cashmere Zip-up Jacket', 'High Neck Zip-up Jacket']",https://dd3662-08.myshopify.com/collections/c19-ads-collection-february-07,2025-02-11 00:00:00+00:00,2025-02-18 00:00:00+00:00,119.9,2,59.95,47.96000000000001,71.94,42.589999999999996,145.11073253833047,4.085178875638841,0.0,0,119.9,2,59.95,47.96000000000001,71.94,42.589999999999996,145.11073253833047,4.085178875638841,29.35,2890,61,2.110726643598616,3.278688524590164,100.0,0.0,14.675,60.0,60.0
11  FEBRUARY - Steel Toe Safety Shoes - 1.55- SINGLE PRODUCT,Steel Toe Safety Shoes,https://dd3662-08.myshopify.com/products/818915744933740544,2025-02-11 00:00:00+00:00,2025-02-18 00:00:00+00:00,79.95,1,79.95,31.980000000000004,47.97,27.64,135.95671421544517,3.932611903590753,0.0,0,79.95,1,79.95,31.980000000000004,47.97,27.64,135.95671421544517,3.932611903590753,20.33,2124,61,2.871939736346516,1.639344262295082,100.0,0.0,20.33,60.0,60.0
11  FEBRUARY - Cozy Graphic Sweater - 1.56 - SINGLE PRODUCT,Cozy Graphic Sweater,https://dd3662-08.myshopify.com/products/799690288124657664,2025-02-11 00:00:00+00:00,2025-02-18 00:00:00+00:00,0.0,0,0.0,0.0,0.0,-25.32,-100.0,0.0,0.0,0,0.0,0,0.0,0.0,0.0,-25.32,-100.0,0.0,25.32,3161,27,0.8541600759253402,0.0,0.0,0.0,,,
12 FEBRUARY- C20 ADS (Feb 10)- COLLECTION,"['Retro Winter Sweater', 'Plain Knitted Sweater', 'Multicolor Retro Winter Sweater', 'Cozy Retro Floral Sweater', 'Floral Retro Sweater', 'Retro Pine Tree Sweater', 'Geometric Retro Sweater', 'Multi Stripe Winter Sweater']",https://dd3662-08.myshopify.com/collections/c20-ads-collection-february-10,2025-02-12 00:00:00+00:00,2025-02-19 00:00:00+00:00,134.85000000000002,3,44.95000000000001,53.94000000000001,80.91000000000001,-3.499999999999986,-4.146428148323642,1.5975595308612727,0.0,0,134.85000000000002,3,44.95000000000001,53.94000000000001,80.91000000000001,-3.499999999999986,-4.146428148323642,1.5975595308612727,84.41,11924,197,1.652130157665213,1.5228426395939088,100.0,0.0,28.136666666666667,60.0,60.0
12 FEBRUARY- C21 ADS (Feb 10)- COLLECTION - RELAUNCH,"['Black Leather Fur-lined Winter Boots', 'Premium Leather Mid-calf Lace-up Boots', 'Comfy Fleece-lined Snow Ankle Boots', 'Comfy Leather Boots', 'Elegant Unisex Marten Boots', ""Comfortable Women's Leather Boots"", 'Mid-calf Lace-up Boots', 'Elegant Leather Boots', 'Soft Fur-lined Slippers', 'Stylish Winter Boots', 'Elite Ankle Boots', 'High Top Leather Lace-up Sneakers', 'Stylish and Warm Leather Snow Boots', 'Elegant High Heeled Ankle Boots', 'Soft Polar Fur-lined Boots', ""Women's High Top Leather Boots"", 'Fur-trim Winter Boots', 'Platform Sport Shoes', 'Elegant Warm Winter Boots']",https://dd3662-08.myshopify.com/collections/c21-ads-collection-february-10,2025-02-12 00:00:00+00:00,2025-02-19 00:00:00+00:00,1039.0,20,51.95,415.6,623.4,511.96999999999997,459.45436596966704,9.324239432827783,524.5,10,1563.5,30,52.11666666666667,625.4000000000001,938.0999999999999,826.6699999999998,741.8738221304853,14.031230368841424,111.43,12416,518,4.172036082474227,3.861003861003861,66.45346977934122,33.546530220658774,5.5715,60.0,60.0
13 FEBRUARY - Wool Coat - 1.66 - SINGLE PRODUCT,Short Button-down Wool Coat,https://dd3662-08.myshopify.com/products/811239043051290624,2025-02-13 00:00:00+00:00,2025-02-20 00:00:00+00:00,0.0,0,0.0,0.0,0.0,-26.16,-100.0,0.0,0.0,0,0.0,0,0.0,0.0,0.0,-26.16,-100.0,0.0,26.16,3351,38,1.1339898537749926,0.0,0.0,0.0,,,
13 FEBRUARY - Four-piece Comfy Lounge Set - 1.58 - SINGLE PRODUCT,Four-piece Comfy Lounge Set,https://dd3662-08.myshopify.com/products/819323502224998400,2025-02-13 00:00:00+00:00,2025-02-20 00:00:00+00:00,0.0,0,0.0,0.0,0.0,-25.58,-100.0,0.0,0.0,0,0.0,0,0.0,0.0,0.0,-25.58,-100.0,0.0,25.58,1664,26,1.5625,0.0,0.0,0.0,,,
13 FEBRUARY - Women's Tweed Button Jacket - 1.56 - SINGLE PRODUCT,Women's Tweed Button Jacket,https://dd3662-08.myshopify.com/products/819323498034888704,2025-02-13 00:00:00+00:00,2025-02-20 00:00:00+00:00,0.0,0,0.0,0.0,0.0,-41.51,-100.0,0.0,0.0,0,0.0,0,0.0,0.0,0.0,-41.51,-100.0,0.0,41.51,4761,205,4.305818105440034,0.0,0.0,0.0,,,
13 FEBRUARY - Water and Windproof Winter Jacket - 1.84 - SINGLE PRODUCT,Water and Windproof Winter Jacket,https://dd3662-08.myshopify.com/products/807302659773038592,2025-02-13 00:00:00+00:00,2025-02-20 00:00:00+00:00,559.6,8,69.95,223.84000000000003,335.76,291.23,654.0085335728722,12.566808892881204,0.0,0,559.6,8,69.95,223.84000000000003,335.76,291.23,654.0085335728722,12.566808892881204,44.53,6250,166,2.656,4.819277108433735,100.0,0.0,5.56625,60.0,60.0
13 FEBRUARY - Breathable Sport Shoes - 1.55 - SINGLE PRODUCT,Breathable Sport Shoes,https://dd3662-08.myshopify.com/products/817347362673393664,2025-02-13 00:00:00+00:00,2025-02-20 00:00:00+00:00,0.0,0,0.0,0.0,0.0,-26.2,-100.0,0.0,44.95,1,44.95,1,44.95,17.98,26.970000000000002,0.7700000000000031,2.9389312977099356,1.7156488549618323,26.2,3672,58,1.579520697167756,0.0,0.0,100.0,,,60.0
12 FEBRUARY- C21 ADS (Feb 10)- COLLECTION RELAUNCH,"['Black Leather Fur-lined Winter Boots', 'Premium Leather Mid-calf Lace-up Boots', 'Comfy Fleece-lined Snow Ankle Boots', 'Comfy Leather Boots', 'Elegant Unisex Marten Boots', ""Comfortable Women's Leather Boots"", 'Mid-calf Lace-up Boots', 'Elegant Leather Boots', 'Soft Fur-lined Slippers', 'Stylish Winter Boots', 'Elite Ankle Boots', 'High Top Leather Lace-up Sneakers', 'Stylish and Warm Leather Snow Boots', 'Elegant High Heeled Ankle Boots', 'Soft Polar Fur-lined Boots', ""Women's High Top Leather Boots"", 'Fur-trim Winter Boots', 'Platform Sport Shoes', 'Elegant Warm Winter Boots']",https://dd3662-08.myshopify.com/collections/c21-ads-collection-february-10,2025-02-12 00:00:00+00:00,2025-02-19 00:00:00+00:00,1039.0,20,51.95,415.6,623.4,538.4399999999999,633.7570621468926,12.229284369114879,524.5,10,1563.5,30,52.11666666666667,625.4000000000001,938.0999999999999,853.1399999999999,1004.1666666666666,18.40277777777778,84.96,11834,364,3.075883048842319,5.4945054945054945,66.45346977934122,33.546530220658774,4.247999999999999,60.0,60.0
14 FEBRUARY - Elegant Heart Button Cardigan - 1.53 - SINGLE PRODUCT,Elegant Heart Button Cardigan,https://dd3662-08.myshopify.com/products/819312895992004608,2025-02-14 00:00:00+00:00,2025-02-21 00:00:00+00:00,49.95,1,49.95,19.980000000000004,29.97,-9.14,-23.369982101764254,1.277166964970596,0.0,0,49.95,1,49.95,19.980000000000004,29.97,-9.14,-23.369982101764254,1.277166964970596,39.11,3546,120,3.3840947546531304,0.8333333333333334,100.0,0.0,39.11,60.0,60.0
14 FEBRUARY - Breathable Lightweight Casual Lace-up Shoes - 1.53 - SINGLE PRODUCT,Breathable Lightweight Casual Lace-up Shoes,https://dd3662-08.myshopify.com/products/819323505639161856,2025-02-14 00:00:00+00:00,2025-02-21 00:00:00+00:00,0.0,0,0.0,0.0,0.0,-25.63,-100.0,0.0,0.0,0,0.0,0,0.0,0.0,0.0,-25.63,-100.0,0.0,25.63,2352,55,2.33843537414966,0.0,0.0,0.0,,,
14 FEBRUARY - Warm Fleece Hat - 1.43 - SINGLE PRODUCT,Warm Fleece Hat [No Sales Found],,2025-02-14 00:00:00+00:00,2025-02-21 00:00:00+00:00,0.0,0,0.0,0.0,0.0,-24.24,-100.0,0.0,0.0,0,0.0,0,0.0,0.0,0.0,-24.24,-100.0,0.0,24.24,3431,30,0.8743806470416788,0.0,0.0,0.0,,,
14 FEBRUARY - Women's Double-breasted Coat and Pants Set - 1.59 - SINGLE PRODUCT,Women's Double-breasted Coat and Pants Set [No Sales Found],,2025-02-14 00:00:00+00:00,2025-02-21 00:00:00+00:00,0.0,0,0.0,0.0,0.0,-24.27,-100.0,0.0,0.0,0,0.0,0,0.0,0.0,0.0,-24.27,-100.0,0.0,24.27,2021,67,3.3151904997525974,0.0,0.0,0.0,,,
14 FEBRUARY - Elite Winter Clothing Set - 1.59 - SINGLE PRODUCT,Elite Winter Clothing Set,https://dd3662-08.myshopify.com/products/819597944205344768,2025-02-14 00:00:00+00:00,2025-02-21 00:00:00+00:00,719.5500000000001,9,79.95,287.82000000000005,431.73,390.28000000000003,941.5681544028951,17.359469240048252,0.0,0,719.5500000000001,9,79.95,287.82000000000005,431.73,390.28000000000003,941.5681544028951,17.359469240048252,41.45,5518,163,2.953968829285973,5.521472392638037,100.0,0.0,4.605555555555556,60.0,60.0
15 FEBRUARY - Crystal Star Dress - 1.57 - SINGLE PRODUCT,Crystal Star Dress,https://dd3662-08.myshopify.com/products/819597982113464320,2025-02-15 00:00:00+00:00,2025-02-22 00:00:00+00:00,0.0,0,0.0,0.0,0.0,-37.54,-100.0,0.0,0.0,0,0.0,0,0.0,0.0,0.0,-37.54,-100.0,0.0,37.54,6573,414,6.29849383842994,0.0,0.0,0.0,,,
15 FEBRUARY- C22 ADS Collection (February 12) - COLLECTION,"['Elegant Floral Dress', 'Premium Elegant Wrap Dress', 'Organic Summer Dress', 'Long Sleeved Lace Maxi Dress', 'Elegant Asymmetrical Dress', 'Elegant Evening Dress with Floral Charm', 'Elegant Ruffled Evening Dress', 'Premium Midi Dress', 'Formal High Quality Midi Dress', 'Comfortable Elegant Pleated Dress', 'Premium Asymmetrical Elegant Dress']",https://dd3662-08.myshopify.com/collections/c22-ads-collection-february-12,2025-02-15 00:00:00+00:00,2025-02-22 00:00:00+00:00,0.0,0,0.0,0.0,0.0,-60.14,-100.0,0.0,0.0,0,0.0,0,0.0,0.0,0.0,-60.14,-100.0,0.0,60.14,4724,170,3.598645215918713,0.0,0.0,0.0,,,
15 FEBRUARY - Elegant Lace Jumpsuit - 1.57 - SINGLE PRODUCT,Elegant Lace Jumpsuit,https://dd3662-08.myshopify.com/products/820034790286688256,2025-02-15 00:00:00+00:00,2025-02-22 00:00:00+00:00,54.95,1,54.95,21.980000000000004,32.97,8.239999999999998,33.31985442782045,2.2219975737970077,0.0,0,54.95,1,54.95,21.980000000000004,32.97,8.239999999999998,33.31985442782045,2.2219975737970077,24.73,1998,49,2.4524524524524525,2.0408163265306123,100.0,0.0,24.73,60.0,60.0
15 FEBRUARY - Comfy Block-heeled Loafers - 1.57 - SINGLE PRODUCT,Comfy Block-heeled Loafers,https://dd3662-08.myshopify.com/products/820034782359453696,2025-02-15 00:00:00+00:00,2025-02-22 00:00:00+00:00,0.0,0,0.0,0.0,0.0,-24.56,-100.0,0.0,0.0,0,0.0,0,0.0,0.0,0.0,-24.56,-100.0,0.0,24.56,2152,43,1.9981412639405203,0.0,0.0,0.0,,,
15 FEBRUARY - Turtleneck Sweater and Pants Lounge Set - 1.57 - SINGLE PRODUCT,Turtleneck Sweater and Pants Lounge Set [No Sales Found],,2025-02-15 00:00:00+00:00,2025-02-22 00:00:00+00:00,0.0,0,0.0,0.0,0.0,-24.59,-100.0,0.0,0.0,0,0.0,0,0.0,0.0,0.0,-24.59,-100.0,0.0,24.59,1568,63,4.017857142857143,0.0,0.0,0.0,,,
16 FEBRUARY - Casual Long Sleeve and Jogging Pants Set - 1.53 - SINGLE PRODUCT,Casual Long Sleeve and Jogging Pants Set,https://dd3662-08.myshopify.com/products/820034785123500032,2025-02-16 00:00:00+00:00,2025-02-23 00:00:00+00:00,49.95,1,49.95,19.980000000000004,29.97,-1.3300000000000018,-4.249201277955277,1.5958466453674123,0.0,0,49.95,1,49.95,19.980000000000004,29.97,-1.3300000000000018,-4.249201277955277,1.5958466453674123,31.3,2762,104,3.7653874004344683,0.9615384615384616,100.0,0.0,31.3,60.0,60.0
16 FEBRUARY - Smooth Silk Satin Shirt - 1.43 - SINGLE PRODUCT,Smooth Silk Satin Shirt [No Sales Found],,2025-02-16 00:00:00+00:00,2025-02-23 00:00:00+00:00,0.0,0,0.0,0.0,0.0,-26.84,-100.0,0.0,0.0,0,0.0,0,0.0,0.0,0.0,-26.84,-100.0,0.0,26.84,2356,83,3.5229202037351444,0.0,0.0,0.0,,,
16 FEBRUARY - Trendy Leather Hobo Tote Bag - 1.48 - SINGLE PRODUCT,Trendy Leather Hobo Tote Bag,https://dd3662-08.myshopify.com/products/723941344803815424,2025-02-16 00:00:00+00:00,2025-02-23 00:00:00+00:00,0.0,0,0.0,0.0,0.0,-26.95,-100.0,0.0,0.0,0,0.0,0,0.0,0.0,0.0,-26.95,-100.0,0.0,26.95,2680,52,1.9402985074626864,0.0,0.0,0.0,,,
16 FEBRUARY - Safety Leather Ankle Boots - 1.59 - SINGLE PRODUCT,Safety Leather Ankle Boots,https://dd3662-08.myshopify.com/products/820034798490746880,2025-02-16 00:00:00+00:00,2025-02-23 00:00:00+00:00,359.7,6,59.949999999999996,143.88,215.82,170.39999999999998,375.1651254953764,7.919418758256274,0.0,0,359.7,6,59.949999999999996,143.88,215.82,170.39999999999998,375.1651254953764,7.919418758256274,45.42,5512,140,2.539912917271408,4.285714285714286,100.0,0.0,7.57,60.0,60.0
19 FEBRUARY- C23 ADS (Feb 18)- COLLECTION,"['Cozy Floral Art Sweater', 'Warm Colorful Sun Sweater', 'Cheerful Colorful Turtleneck', 'Soft Handcrafted Turtleneck Sweater', 'Premium Wool Turtleneck Handcrafted Sweater', 'Premium Knit Red Sun Turtleneck Sweater', 'Soft Knit DiamondTurtleneck Sweater', 'Warm Handmade Turtleneck Sweater', 'Multicolor Cloud and Sun Vintage Hoodie', 'Multicolor Roadtrip Retro Hoodie']",https://dd3662-08.myshopify.com/collections/c23-ads-collection-february-18,2025-02-19 00:00:00+00:00,2025-02-26 00:00:00+00:00,39.95,1,39.95,15.980000000000002,23.97,-49.32000000000001,-67.29431027425298,0.5450948287624505,0.0,0,39.95,1,39.95,15.980000000000002,23.97,-49.32000000000001,-67.29431027425298,0.5450948287624505,73.29,7717,331,4.289231566670986,0.3021148036253776,100.0,0.0,73.29,60.0,60.0
20 FEBRUARY - Elegant Warm Puffer Jacket - 1.52 - SINGLE PRODUCT,Elegant Warm Puffer Jacket,https://dd3662-08.myshopify.com/products/8-217047236429742e-17,2025-02-20 00:00:00+00:00,2025-02-27 00:00:00+00:00,0.0,0,0.0,0.0,0.0,-43.13,-100.0,0.0,0.0,0,0.0,0,0.0,0.0,0.0,-43.13,-100.0,0.0,43.13,4519,101,2.235007745076344,0.0,0.0,0.0,,,
20 FEBRUARY - Rainbow Striped Zip-up Jacket - 1.55 - SINGLE PRODUCT,Rainbow Striped Zip-up Jacket [No Sales Found],,2025-02-20 00:00:00+00:00,2025-02-27 00:00:00+00:00,0.0,0,0.0,0.0,0.0,-24.92,-100.0,0.0,0.0,0,0.0,0,0.0,0.0,0.0,-24.92,-100.0,0.0,24.92,3161,51,1.6134134767478645,0.0,0.0,0.0,,,
20 FEBRUARY - Comfortable and Loose Pants - 1.47 - SINGLE PRODUCT,Comfortable and Loose Pants,https://dd3662-08.myshopify.com/products/8-217046352773775e-17,2025-02-20 00:00:00+00:00,2025-02-27 00:00:00+00:00,0.0,0,0.0,0.0,0.0,-24.29,-100.0,0.0,0.0,0,0.0,0,0.0,0.0,0.0,-24.29,-100.0,0.0,24.29,2553,38,1.4884449667058364,0.0,0.0,0.0,,,
20 FEBRUARY - Corduroy Button-down Jacket - 1.55 - SINGLE PRODUCT,Corduroy Button-down Jacket,https://dd3662-08.myshopify.com/products/8-217046460567388e-17,2025-02-20 00:00:00+00:00,2025-02-27 00:00:00+00:00,0.0,0,0.0,0.0,0.0,-24.86,-100.0,0.0,0.0,0,0.0,0,0.0,0.0,0.0,-24.86,-100.0,0.0,24.86,4948,43,0.8690379951495554,0.0,0.0,0.0,,,
20 FEBRUARY - Windproof Pants - 1.60 - SINGLE PRODUCT,Windproof Pants,https://dd3662-08.myshopify.com/products/8-217046372738662e-17,2025-02-20 00:00:00+00:00,2025-02-27 00:00:00+00:00,0.0,0,0.0,0.0,0.0,-25.7,-100.0,0.0,0.0,0,0.0,0,0.0,0.0,0.0,-25.7,-100.0,0.0,25.7,2358,53,2.247667514843087,0.0,0.0,0.0,,,
21 FEBRUARY- C25 ADS Collection (February 20) - COLLECTION,"['Stripe Vintage Boho Pants', 'Mushroom Print Vintage Boho Pants', 'Purple and Yellow Flower Print Vintage Boho Pants', 'Stars and Stripe Print Vintage Boho Pants', 'Leopard Print Vintage Boho Pants', 'Vibrant Flower Print Vintage Boho Pants', 'Purple Floral Print Vintage Boho Pants', 'Rainbow Ombre Vintage Boho Pants', 'Multicolor Print Vintage Boho Pants', 'Denim Vintage Boho Pants', 'Star Print Vintage Boho Pants', 'Beige Wave and Bird Vintage Boho Pants', 'Aztec Print Vintage Boho Pants', 'Vintage Floral Print Denim Flared Pants']",https://dd3662-08.myshopify.com/collections/c25-ads-collection-february-20,2025-02-21 00:00:00+00:00,2025-02-28 00:00:00+00:00,0.0,0,0.0,0.0,0.0,-53.82,-100.0,0.0,0.0,0,0.0,0,0.0,0.0,0.0,-53.82,-100.0,0.0,53.82,5776,102,1.7659279778393353,0.0,0.0,0.0,,,
21 FEBRUARY - Casual Single Breasted Lapel Wool Coat - 1.51 - SINGLE PRODUCT,Casual Single Breasted Lapel Wool Coat,https://dd3662-08.myshopify.com/products/821704654386626560,2025-02-21 00:00:00+00:00,2025-02-28 00:00:00+00:00,44.95,1,44.95,17.98,26.970000000000002,-16.23,-37.56944444444444,1.0405092592592593,0.0,0,44.95,1,44.95,17.98,26.970000000000002,-16.23,-37.56944444444444,1.0405092592592593,43.2,3205,150,4.6801872074882995,0.6666666666666667,100.0,0.0,43.2,60.0,60.0
21 FEBRUARY - Casual Ergo Sneakers - 1.56 - SINGLE PRODUCT,Casual Ergo Sneakers,https://dd3662-08.myshopify.com/products/8-217047338099671e-17,2025-02-21 00:00:00+00:00,2025-02-28 00:00:00+00:00,0.0,0,0.0,0.0,0.0,-28.64,-100.0,0.0,0.0,0,0.0,0,0.0,0.0,0.0,-28.64,-100.0,0.0,28.64,2557,83,3.245991396167384,0.0,0.0,0.0,,,
21 FEBRUARY - Heartbeat Sweater and Pants Set - 1.62 - SINGLE PRODUCT,Heartbeat Sweater and Pants Set [No Sales Found],,2025-02-21 00:00:00+00:00,2025-02-28 00:00:00+00:00,0.0,0,0.0,0.0,0.0,-28.06,-100.0,0.0,0.0,0,0.0,0,0.0,0.0,0.0,-28.06,-100.0,0.0,28.06,2050,43,2.097560975609756,0.0,0.0,0.0,,,
21 FEBRUARY - Casual Herringbone Pattern Trousers - 1.48 - SINGLE PRODUCT,Casual Herringbone Pattern Trousers,https://dd3662-08.myshopify.com/products/8-217047002387579e-17,2025-02-21 00:00:00+00:00,2025-02-28 00:00:00+00:00,0.0,0,0.0,0.0,0.0,-41.61,-100.0,0.0,0.0,0,0.0,0,0.0,0.0,0.0,-41.61,-100.0,0.0,41.61,6375,110,1.7254901960784312,0.0,0.0,0.0,,,
24 FEBRUARY - Women's Comfortable Trail and Walking Shoes - 1.48 - SINGLE PRODUCT,Women's Comfortable Trail and Walking Shoes [No Sales Found],,2025-02-24 00:00:00+00:00,2025-03-03 00:00:00+00:00,0.0,0,0.0,0.0,0.0,-35.01,-100.0,0.0,0.0,0,0.0,0,0.0,0.0,0.0,-35.01,-100.0,0.0,35.01,3720,92,2.4731182795698925,0.0,0.0,0.0,,,
24 FEBRUARY - Classic Leather Jacket - 1.48 - SINGLE PRODUCT,Classic Leather Jacket,https://dd3662-08.myshopify.com/products/822382575036137472,2025-02-24 00:00:00+00:00,2025-03-03 00:00:00+00:00,89.9,2,44.95,35.96,53.940000000000005,15.170000000000002,39.12819190095435,2.318803198349239,0.0,0,89.9,2,44.95,35.96,53.940000000000005,15.170000000000002,39.12819190095435,2.318803198349239,38.77,5553,114,2.0529443544030253,1.7543859649122806,100.0,0.0,19.385,60.0,60.0
24 FEBRUARY -Urban Corduroy Shoulder Tote Bag - 1.48 - SINGLE PRODUCT,Urban Corduroy Shoulder Tote Bag,,2025-02-24 00:00:00+00:00,2025-03-03 00:00:00+00:00,44.95,1,44.95,17.98,26.970000000000002,-7.449999999999999,-21.64439279488669,1.3059267867518884,0.0,0,44.95,1,44.95,17.98,26.970000000000002,-7.449999999999999,-21.64439279488669,1.3059267867518884,34.42,4243,89,2.0975724723073297,1.1235955056179776,100.0,0.0,34.42,60.0,60.0
25 FEBRUARY - Comfy Turtleneck Hooded Sweater - 1.51 - SINGLE PRODUCT,Comfy Turtleneck Hooded Sweater,https://dd3662-08.myshopify.com/products/8-220804914767462e-17,2025-02-25 00:00:00+00:00,2025-03-04 00:00:00+00:00,0.0,0,0.0,0.0,0.0,-26.77,-100.0,0.0,0.0,0,0.0,0,0.0,0.0,0.0,-26.77,-100.0,0.0,26.77,3038,55,1.8104015799868336,0.0,0.0,0.0,,,
25 FEBRUARY- C26 ADS Collection (February 20) - COLLECTION,"['Premium Warm Trench Coat', 'Water and Windproof Winter Jacket', 'Waterproof Windbreaker Jacket', 'Classic Casual Winter Jacket', 'Elegant Full Zip Cardigan', 'Long Winter Coat', 'Stand Collar Quilted Winter Jacket', ""Classic Men's Trench Coat"", 'Check-lined Winter Zip-up Jacket', 'Winter Leather Hooded Jacket', 'Two-Part Puffer Jacket', 'Leather Biker Jacket', ""Men's Luxury Jacket"", 'Classic Fur-lined Leather Jacket', 'Gentleman Button-down Cardigan', 'Elegant Hooded Zip Jacket', 'Waterproof and Windproof Down Jacket', 'Classic Warm Quilted Jacket', 'Winter Leather Jacket', ""Men's Elegant Zip Jacket"", 'Plaid Warm Jacket for Men']",https://dd3662-08.myshopify.com/collections/c26-ads-collection-february-20,2025-02-25 00:00:00+00:00,2025-03-04 00:00:00+00:00,49.95,1,49.95,19.980000000000004,29.97,-55.34,-64.86930019927324,0.585511663345446,0.0,0,49.95,1,49.95,19.980000000000004,29.97,-55.34,-64.86930019927324,0.585511663345446,85.31,5578,202,3.6213696665471495,0.49504950495049505,100.0,0.0,85.31,60.0,60.0
25 FEBRUARY - Trendy Blouse and Pants Set - 1.53 - SINGLE PRODUCT,Trendy Blouse and Pants Set,https://dd3662-08.myshopify.com/products/822386288974888960,2025-02-25 00:00:00+00:00,2025-03-04 00:00:00+00:00,0.0,0,0.0,0.0,0.0,-29.54,-100.0,0.0,0.0,0,0.0,0,0.0,0.0,0.0,-29.54,-100.0,0.0,29.54,1794,75,4.1806020066889635,0.0,0.0,0.0,,,
25 FEBRUARY - Premium Comfort Sneakers - 1.57 - SINGLE PRODUCT,Premium Comfort Sneakers,https://dd3662-08.myshopify.com/products/822386282045898752,2025-02-25 00:00:00+00:00,2025-03-04 00:00:00+00:00,0.0,0,0.0,0.0,0.0,-62.59,-100.0,0.0,0.0,0,0.0,0,0.0,0.0,0.0,-62.59,-100.0,0.0,62.59,10649,220,2.065921682787116,0.0,0.0,0.0,,,
25 FEBRUARY - Classic Corduroy Blazer - 1.63 - SINGLE PRODUCT,Classic Corduroy Blazer,https://dd3662-08.myshopify.com/products/822386292061896704,2025-02-25 00:00:00+00:00,2025-03-04 00:00:00+00:00,0.0,0,0.0,0.0,0.0,-23.24,-100.0,0.0,0.0,0,0.0,0,0.0,0.0,0.0,-23.24,-100.0,0.0,23.24,2889,31,1.0730356524749047,0.0,0.0,0.0,,,
25 FEBRUARY - Elegant Classy Long Dress - 1.58 - SINGLE PRODUCT,Elegant Classy Long Dress,https://dd3662-08.myshopify.com/products/822386302518296576,2025-02-25 00:00:00+00:00,2025-03-04 00:00:00+00:00,0.0,0,0.0,0.0,0.0,-24.14,-100.0,0.0,0.0,0,0.0,0,0.0,0.0,0.0,-24.14,-100.0,0.0,24.14,2768,56,2.023121387283237,0.0,0.0,0.0,,,
26 FEBRUARY - Soft Comfy Hoodie - 1.55 - SINGLE PRODUCT,Soft Comfy Hoodie,https://dd3662-08.myshopify.com/products/822386305752104960,2025-02-26 00:00:00+00:00,2025-03-05 00:00:00+00:00,0.0,0,0.0,0.0,0.0,-27.95,-100.0,0.0,0.0,0,0.0,0,0.0,0.0,0.0,-27.95,-100.0,0.0,27.95,4354,67,1.53881488286633,0.0,0.0,0.0,,,
26 FEBRUARY - Casual Supreme Sneakers - 1.53 - SINGLE PRODUCT,Casual Supreme Sneakers,https://dd3662-08.myshopify.com/products/822386295509614592,2025-02-26 00:00:00+00:00,2025-03-05 00:00:00+00:00,0.0,0,0.0,0.0,0.0,-29.08,-100.0,0.0,0.0,0,0.0,0,0.0,0.0,0.0,-29.08,-100.0,0.0,29.08,4423,83,1.876554374858693,0.0,0.0,0.0,,,
26 FEBRUARY - Full Zip-up Dress Jacket - 1.54 - SINGLE PRODUCT,Full Zip-up Dress Jacket,https://dd3662-08.myshopify.com/products/822904755763281920,2025-02-26 00:00:00+00:00,2025-03-05 00:00:00+00:00,0.0,0,0.0,0.0,0.0,-25.13,-100.0,0.0,0.0,0,0.0,0,0.0,0.0,0.0,-25.13,-100.0,0.0,25.13,1991,116,5.826217980914113,0.0,0.0,0.0,,,
26 FEBRUARY - Classic Elegant Leather BIker Jacket - 1.58 - SINGLE PRODUCT,Classic Elegant Leather Biker Jacket,https://dd3662-08.myshopify.com/products/822904755616481280,2025-02-26 00:00:00+00:00,2025-03-05 00:00:00+00:00,0.0,0,0.0,0.0,0.0,-23.19,-100.0,0.0,0.0,0,0.0,0,0.0,0.0,0.0,-23.19,-100.0,0.0,23.19,2224,43,1.9334532374100721,0.0,0.0,0.0,,,
26 FEBRUARY - Radiant Denim Maxi Dress  - 1.60 - SINGLE PRODUCT,Radiant Denim Maxi Dress,https://dd3662-08.myshopify.com/products/822904745290104832,2025-02-26 00:00:00+00:00,2025-03-05 00:00:00+00:00,0.0,0,0.0,0.0,0.0,-22.11,-100.0,0.0,0.0,0,0.0,0,0.0,0.0,0.0,-22.11,-100.0,0.0,22.11,1612,43,2.6674937965260543,0.0,0.0,0.0,,,
26 FEBRUARY - Classic Suede Fleece-lined Jacket - 1.54 - SINGLE PRODUCT,Classic Suede Fleece-lined Jacket,https://dd3662-08.myshopify.com/products/822904755318685696,2025-02-26 00:00:00+00:00,2025-03-05 00:00:00+00:00,59.95,1,59.95,23.980000000000004,35.97,-12.920000000000002,-26.426672121088163,1.2262221313151975,0.0,0,59.95,1,59.95,23.980000000000004,35.97,-12.920000000000002,-26.426672121088163,1.2262221313151975,48.89,4273,155,3.627428036508308,0.6451612903225806,100.0,0.0,48.89,60.0,60.0
27 FEBRUARY- C26 ADS Collection (February 20) - COLLECTION - RELAUNCH,"['Premium Warm Trench Coat', 'Water and Windproof Winter Jacket', 'Waterproof Windbreaker Jacket', 'Classic Casual Winter Jacket', 'Elegant Full Zip Cardigan', 'Long Winter Coat', 'Stand Collar Quilted Winter Jacket', ""Classic Men's Trench Coat"", 'Check-lined Winter Zip-up Jacket', 'Winter Leather Hooded Jacket', 'Two-Part Puffer Jacket', 'Leather Biker Jacket', ""Men's Luxury Jacket"", 'Classic Fur-lined Leather Jacket', 'Gentleman Button-down Cardigan', 'Elegant Hooded Zip Jacket', 'Waterproof and Windproof Down Jacket', 'Classic Warm Quilted Jacket', 'Winter Leather Jacket', ""Men's Elegant Zip Jacket"", 'Plaid Warm Jacket for Men']",https://dd3662-08.myshopify.com/collections/c26-ads-collection-february-20,2025-02-27 00:00:00+00:00,2025-03-06 00:00:00+00:00,0.0,0,0.0,0.0,0.0,-91.11,-100.0,0.0,0.0,0,0.0,0,0.0,0.0,0.0,-91.11,-100.0,0.0,91.11,4731,374,7.905305432255337,0.0,0.0,0.0,,,
27 FEBRUARY- C27 ADS Collection (February 24) - COLLECTION,"[""Men's Sweater With Checked Design"", ""Stylish Men's Sweater"", ""Men's Sweater with Diamond Design"", ""Cool Men's Sweater"", ""Men's Sweater With Stripe Design"", 'Waffle Knit Crewneck Sweater', ""Cool Men's Sweater"", ""Men's Sweater with Diamond Pattern"", ""Premium Men's Vest"", ""Half-Zip Men's Sweater""]",https://dd3662-08.myshopify.com/collections/c27-ads-collection-february-24,2025-02-27 00:00:00+00:00,2025-03-06 00:00:00+00:00,0.0,0,0.0,0.0,0.0,-46.15,-100.0,0.0,0.0,0,0.0,0,0.0,0.0,0.0,-46.15,-100.0,0.0,46.15,2669,146,5.470213563132259,0.0,0.0,0.0,,,
27 FEBRUARY-  C28 ADS Collection (February 24) - COLLECTION,"['Retro Wave Pattern Sweater', 'Retro Knitted Fall Sweater', 'Cozy Mohair Knit Sweater', 'Ethnic Retro Hooded Sweater', 'Cozy Floral Art Sweater', 'Gray Sheep Print Knitted Sweater', 'Multi Stripe Winter Sweater', 'Warm Knitted Comfy Sweater', 'Soft Cozy Sweater', 'Fall Luxe Checkered Knit Sweater', 'Bi-color Turtleneck Knitted Sweater', 'Elegant Stripe Color Block Sweater', 'Herringbone Pattern Turtleneck Sweater', 'Classic Fall-Winter Knitted Sweater', 'Leopard Print Sweater', 'Comfortable, Knitted, Soft Turtleneck Sweater']",https://dd3662-08.myshopify.com/collections/c28-ads-collection-february-24,2025-02-27 00:00:00+00:00,2025-03-06 00:00:00+00:00,0.0,0,0.0,0.0,0.0,-52.43,-100.0,0.0,0.0,0,0.0,0,0.0,0.0,0.0,-52.43,-100.0,0.0,52.43,3393,127,3.7430002947244327,0.0,0.0,0.0,,,
28 FEBRUARY - Short Button-down Wool Coat  - 1.51 - SINGLE PRODUCT,Short Button-down Wool Coat,https://dd3662-08.myshopify.com/products/811239043051290624,2025-02-28 00:00:00+00:00,2025-03-07 00:00:00+00:00,0.0,0,0.0,0.0,0.0,-25.87,-100.0,0.0,0.0,0,0.0,0,0.0,0.0,0.0,-25.87,-100.0,0.0,25.87,4123,329,7.979626485568761,0.0,0.0,0.0,,,
28 FEBRUARY - Elegant Casual Shirt  - 1.68 - SINGLE PRODUCT,Elegant Casual Shirt,https://dd3662-08.myshopify.com/products/823939178185097216,2025-02-28 00:00:00+00:00,2025-03-07 00:00:00+00:00,0.0,0,0.0,0.0,0.0,-27.07,-100.0,0.0,0.0,0,0.0,0,0.0,0.0,0.0,-27.07,-100.0,0.0,27.07,1514,101,6.67107001321004,0.0,0.0,0.0,,,
28 FEBRUARY - Trendy Fashionable Art Printed Shirt  - 1.47 - SINGLE PRODUCT,Trendy Fashionable Art Printed Shirt [No Sales Found],,2025-02-28 00:00:00+00:00,2025-03-07 00:00:00+00:00,0.0,0,0.0,0.0,0.0,-23.41,-100.0,0.0,0.0,0,0.0,0,0.0,0.0,0.0,-23.41,-100.0,0.0,23.41,1670,89,5.3293413173652695,0.0,0.0,0.0,,,
28 FEBRUARY -  Elegant Single-button Wool Coat - 1.54 - SINGLE PRODUCT,Elegant Single-button Wool Coat,https://dd3662-08.myshopify.com/products/823939176662564864,2025-02-28 00:00:00+00:00,2025-03-07 00:00:00+00:00,0.0,0,0.0,0.0,0.0,-27.6,-100.0,0.0,0.0,0,0.0,0,0.0,0.0,0.0,-27.6,-100.0,0.0,27.6,3595,222,6.1752433936022255,0.0,0.0,0.0,,,
28 FEBRUARY - Classic Floral Button-down Shirt - 1.54 - SINGLE PRODUCT,Classic Floral Button-down Shirt,https://dd3662-08.myshopify.com/products/824294251511676928,2025-02-28 00:00:00+00:00,2025-03-07 00:00:00+00:00,44.95,1,44.95,17.98,26.970000000000002,-1.8199999999999967,-6.321639458145178,1.5613060090309137,0.0,0,44.95,1,44.95,17.98,26.970000000000002,-1.8199999999999967,-6.321639458145178,1.5613060090309137,28.79,2995,212,7.078464106844741,0.4716981132075472,100.0,0.0,28.79,60.0,60.0
